Województwo;name
dolnośląskie;powiat Wrocław
dolnośląskie;powiat Jelenia Góra
dolnośląskie;powiat Legnica
dolnośląskie;powiat Wałbrzych
dolnośląskie;powiat bolesławiecki
dolnośląskie;powiat dzierżoniowski
dolnośląskie;powiat głogowski
dolnośląskie;powiat górowski
dolnośląskie;powiat jaworski
dolnośląskie;powiat jeleniogórski
dolnośląskie;powiat kamiennogórski
dolnośląskie;powiat kłodzki
dolnośląskie;powiat legnicki
dolnośląskie;powiat lubański
dolnośląskie;powiat lubiński
dolnośląskie;powiat lwówecki
dolnośląskie;powiat milicki
dolnośląskie;powiat oleśnicki
dolnośląskie;powiat oławski
dolnośląskie;powiat polkowicki
dolnośląskie;powiat strzeliński
dolnośląskie;powiat średzki
dolnośląskie;powiat świdnicki
dolnośląskie;powiat trzebnicki
dolnośląskie;powiat wałbrzyski
dolnośląskie;powiat wołowski
dolnośląskie;powiat wrocławski
dolnośląskie;powiat ząbkowicki
dolnośląskie;powiat zgorzelecki
dolnośląskie;powiat złotoryjski
kujawsko-pomorskie;powiat Bydgoszcz
kujawsko-pomorskie;powiat Toruń
kujawsko-pomorskie;powiat Włocławek
kujawsko-pomorskie;powiat Grudziądz
kujawsko-pomorskie;powiat aleksandrowski
kujawsko-pomorskie;powiat brodnicki
kujawsko-pomorskie;powiat bydgoski
kujawsko-pomorskie;powiat chełmiński
kujawsko-pomorskie;powiat golubsko-dobrzyński
kujawsko-pomorskie;powiat grudziądzki
kujawsko-pomorskie;powiat inowrocławski
kujawsko-pomorskie;powiat lipnowski
kujawsko-pomorskie;powiat mogileński
kujawsko-pomorskie;powiat nakielski
kujawsko-pomorskie;powiat radziejowski
kujawsko-pomorskie;powiat rypiński
kujawsko-pomorskie;powiat sępoleński
kujawsko-pomorskie;powiat świecki
kujawsko-pomorskie;powiat toruński
kujawsko-pomorskie;powiat tucholski
kujawsko-pomorskie;powiat wąbrzeski
kujawsko-pomorskie;powiat włocławski
kujawsko-pomorskie;powiat żniński
lubelskie;powiat Lublin
lubelskie;powiat Biała Podlaska
lubelskie;powiat Chełm
lubelskie;powiat Zamość
lubelskie;powiat bialski
lubelskie;powiat biłgorajski
lubelskie;powiat chełmski
lubelskie;powiat hrubieszowski
lubelskie;powiat janowski
lubelskie;powiat krasnostawski
lubelskie;powiat kraśnicki
lubelskie;powiat lubartowski
lubelskie;powiat lubelski
lubelskie;powiat łęczyński
lubelskie;powiat łukowski
lubelskie;powiat opolski
lubelskie;powiat parczewski
lubelskie;powiat puławski
lubelskie;powiat radzyński
lubelskie;powiat rycki
lubelskie;powiat świdnicki
lubelskie;powiat tomaszowski
lubelskie;powiat włodawski
lubelskie;powiat zamojski
lubuskie;powiat Gorzów Wielkopolski
lubuskie;powiat Zielona Góra
lubuskie;powiat gorzowski
lubuskie;powiat krośnieński
lubuskie;powiat międzyrzecki
lubuskie;powiat nowosolski
lubuskie;powiat słubicki
lubuskie;powiat strzelecko-drezdenecki
lubuskie;powiat sulęciński
lubuskie;powiat świebodziński
lubuskie;powiat wschowski
lubuskie;powiat zielonogórski
lubuskie;powiat żagański
lubuskie;powiat żarski
łódzkie;powiat Łódź
łódzkie;powiat Piotrków Trybunalski
łódzkie;powiat Skierniewice
łódzkie;powiat bełchatowski
łódzkie;powiat brzeziński
łódzkie;powiat kutnowski
łódzkie;powiat łaski
łódzkie;powiat łęczycki
łódzkie;powiat łowicki
łódzkie;powiat łódzki wschodni
łódzkie;powiat opoczyński
łódzkie;powiat pabianicki
łódzkie;powiat pajęczański
łódzkie;powiat piotrkowski
łódzkie;powiat poddębicki
łódzkie;powiat radomszczański
łódzkie;powiat rawski
łódzkie;powiat sieradzki
łódzkie;powiat skierniewicki
łódzkie;powiat tomaszowski
łódzkie;powiat wieluński
łódzkie;powiat wieruszowski
łódzkie;powiat zduńskowolski
łódzkie;powiat zgierski
małopolskie;powiat Kraków
małopolskie;powiat Nowy Sącz
małopolskie;powiat Tarnów
małopolskie;powiat bocheński
małopolskie;powiat brzeski
małopolskie;powiat chrzanowski
małopolskie;powiat dąbrowski
małopolskie;powiat gorlicki
małopolskie;powiat krakowski
małopolskie;powiat limanowski
małopolskie;powiat miechowski
małopolskie;powiat myślenicki
małopolskie;powiat nowosądecki
małopolskie;powiat nowotarski
małopolskie;powiat olkuski
małopolskie;powiat oświęcimski
małopolskie;powiat proszowicki
małopolskie;powiat suski
małopolskie;powiat tarnowski
małopolskie;powiat tatrzański
małopolskie;powiat wadowicki
małopolskie;powiat wielicki
mazowieckie;powiat Warszawa
mazowieckie;powiat Ostrołęka
mazowieckie;powiat Płock
mazowieckie;powiat Radom
mazowieckie;powiat Siedlce
mazowieckie;powiat białobrzeski
mazowieckie;powiat ciechanowski
mazowieckie;powiat garwoliński
mazowieckie;powiat gostyniński
mazowieckie;powiat grodziski
mazowieckie;powiat grójecki
mazowieckie;powiat kozienicki
mazowieckie;powiat legionowski
mazowieckie;powiat lipski
mazowieckie;powiat łosicki
mazowieckie;powiat makowski
mazowieckie;powiat miński
mazowieckie;powiat mławski
mazowieckie;powiat nowodworski
mazowieckie;powiat ostrołęcki
mazowieckie;powiat ostrowski
mazowieckie;powiat otwocki
mazowieckie;powiat piaseczyński
mazowieckie;powiat płocki
mazowieckie;powiat płoński
mazowieckie;powiat pruszkowski
mazowieckie;powiat przasnyski
mazowieckie;powiat przysuski
mazowieckie;powiat pułtuski
mazowieckie;powiat radomski
mazowieckie;powiat siedlecki
mazowieckie;powiat sierpecki
mazowieckie;powiat sochaczewski
mazowieckie;powiat sokołowski
mazowieckie;powiat szydłowiecki
mazowieckie;powiat warszawski zachodni
mazowieckie;powiat węgrowski
mazowieckie;powiat wołomiński
mazowieckie;powiat wyszkowski
mazowieckie;powiat zwoleński
mazowieckie;powiat żuromiński
mazowieckie;powiat żyrardowski
opolskie;powiat Opole
opolskie;powiat brzeski
opolskie;powiat głubczycki
opolskie;powiat kędzierzyńsko-kozielski
opolskie;powiat kluczborski
opolskie;powiat krapkowicki
opolskie;powiat namysłowski
opolskie;powiat nyski
opolskie;powiat oleski
opolskie;powiat opolski
opolskie;powiat prudnicki
opolskie;powiat strzelecki
podkarpackie;powiat Rzeszów
podkarpackie;powiat Krosno
podkarpackie;powiat Przemyśl
podkarpackie;powiat Tarnobrzeg
podkarpackie;powiat bieszczadzki
podkarpackie;powiat brzozowski
podkarpackie;powiat dębicki
podkarpackie;powiat jarosławski
podkarpackie;powiat jasielski
podkarpackie;powiat kolbuszowski
podkarpackie;powiat krośnieński
podkarpackie;powiat leski
podkarpackie;powiat leżajski
podkarpackie;powiat lubaczowski
podkarpackie;powiat łańcucki
podkarpackie;powiat mielecki
podkarpackie;powiat niżański
podkarpackie;powiat przemyski
podkarpackie;powiat przeworski
podkarpackie;powiat ropczycko-sędziszowski
podkarpackie;powiat rzeszowski
podkarpackie;powiat sanocki
podkarpackie;powiat stalowowolski
podkarpackie;powiat strzyżowski
podkarpackie;powiat tarnobrzeski
podlaskie;powiat Białystok
podlaskie;powiat Łomża
podlaskie;powiat Suwałki
podlaskie;powiat augustowski
podlaskie;powiat białostocki
podlaskie;powiat bielski
podlaskie;powiat grajewski
podlaskie;powiat hajnowski
podlaskie;powiat kolneński
podlaskie;powiat łomżyński
podlaskie;powiat moniecki
podlaskie;powiat sejneński
podlaskie;powiat siemiatycki
podlaskie;powiat sokólski
podlaskie;powiat suwalski
podlaskie;powiat wysokomazowiecki
podlaskie;powiat zambrowski
pomorskie;powiat Gdańsk
pomorskie;powiat Gdynia
pomorskie;powiat Słupsk
pomorskie;powiat Sopot
pomorskie;powiat bytowski
pomorskie;powiat chojnicki
pomorskie;powiat człuchowski
pomorskie;powiat kartuski
pomorskie;powiat kościerski
pomorskie;powiat kwidzyński
pomorskie;powiat lęborski
pomorskie;powiat malborski
pomorskie;powiat nowodworski
pomorskie;powiat gdański
pomorskie;powiat pucki
pomorskie;powiat słupski
pomorskie;powiat starogardzki
pomorskie;powiat sztumski
pomorskie;powiat tczewski
pomorskie;powiat wejherowski
śląskie;powiat Katowice
śląskie;powiat Bielsko-Biała
śląskie;powiat Bytom
śląskie;powiat Chorzów
śląskie;powiat Częstochowa
śląskie;powiat Dąbrowa Górnicza
śląskie;powiat Gliwice
śląskie;powiat Jastrzębie-Zdrój
śląskie;powiat Jaworzno
śląskie;powiat Mysłowice
śląskie;powiat Piekary Śląskie
śląskie;powiat Ruda Śląska
śląskie;powiat Rybnik
śląskie;powiat Siemianowice Śląskie
śląskie;powiat Sosnowiec
śląskie;powiat Świętochłowice
śląskie;powiat Tychy
śląskie;powiat Zabrze
śląskie;powiat Żory
śląskie;powiat będziński
śląskie;powiat bielski
śląskie;powiat bieruńsko-lędziński
śląskie;powiat cieszyński
śląskie;powiat częstochowski
śląskie;powiat gliwicki
śląskie;powiat kłobucki
śląskie;powiat lubliniecki
śląskie;powiat mikołowski
śląskie;powiat myszkowski
śląskie;powiat pszczyński
śląskie;powiat raciborski
śląskie;powiat rybnicki
śląskie;powiat tarnogórski
śląskie;powiat wodzisławski
śląskie;powiat zawierciański
śląskie;powiat żywiecki
świętokrzyskie;powiat Kielce
świętokrzyskie;powiat buski
świętokrzyskie;powiat jędrzejowski
świętokrzyskie;powiat kazimierski
świętokrzyskie;powiat kielecki
świętokrzyskie;powiat konecki
świętokrzyskie;powiat opatowski
świętokrzyskie;powiat ostrowiecki
świętokrzyskie;powiat pińczowski
świętokrzyskie;powiat sandomierski
świętokrzyskie;powiat skarżyski
świętokrzyskie;powiat starachowicki
świętokrzyskie;powiat staszowski
świętokrzyskie;powiat włoszczowski
warmińsko-mazurskie;powiat Olsztyn
warmińsko-mazurskie;powiat Elbląg
warmińsko-mazurskie;powiat bartoszycki
warmińsko-mazurskie;powiat braniewski
warmińsko-mazurskie;powiat działdowski
warmińsko-mazurskie;powiat elbląski
warmińsko-mazurskie;powiat ełcki
warmińsko-mazurskie;powiat giżycki
warmińsko-mazurskie;powiat gołdapski
warmińsko-mazurskie;powiat iławski
warmińsko-mazurskie;powiat kętrzyński
warmińsko-mazurskie;powiat lidzbarski
warmińsko-mazurskie;powiat mrągowski
warmińsko-mazurskie;powiat nidzicki
warmińsko-mazurskie;powiat nowomiejski
warmińsko-mazurskie;powiat olecki
warmińsko-mazurskie;powiat olsztyński
warmińsko-mazurskie;powiat ostródzki
warmińsko-mazurskie;powiat piski
warmińsko-mazurskie;powiat szczycieński
warmińsko-mazurskie;powiat węgorzewski
wielkopolskie;powiat Poznań
wielkopolskie;powiat Kalisz
wielkopolskie;powiat Konin
wielkopolskie;powiat Leszno
wielkopolskie;powiat chodzieski
wielkopolskie;powiat czarnkowsko-trzcianecki
wielkopolskie;powiat gnieźnieński
wielkopolskie;powiat gostyński
wielkopolskie;powiat grodziski
wielkopolskie;powiat jarociński
wielkopolskie;powiat kaliski
wielkopolskie;powiat kępiński
wielkopolskie;powiat kolski
wielkopolskie;powiat koniński
wielkopolskie;powiat kościański
wielkopolskie;powiat krotoszyński
wielkopolskie;powiat leszczyński
wielkopolskie;powiat międzychodzki
wielkopolskie;powiat nowotomyski
wielkopolskie;powiat obornicki
wielkopolskie;powiat ostrowski
wielkopolskie;powiat ostrzeszowski
wielkopolskie;powiat pilski
wielkopolskie;powiat pleszewski
wielkopolskie;powiat poznański
wielkopolskie;powiat rawicki
wielkopolskie;powiat słupecki
wielkopolskie;powiat szamotulski
wielkopolskie;powiat średzki
wielkopolskie;powiat śremski
wielkopolskie;powiat turecki
wielkopolskie;powiat wągrowiecki
wielkopolskie;powiat wolsztyński
wielkopolskie;powiat wrzesiński
wielkopolskie;powiat złotowski
zachodniopomorskie;powiat Szczecin
zachodniopomorskie;powiat Koszalin
zachodniopomorskie;powiat Świnoujście
zachodniopomorskie;powiat białogardzki
zachodniopomorskie;powiat choszczeński
zachodniopomorskie;powiat drawski
zachodniopomorskie;powiat goleniowski
zachodniopomorskie;powiat gryficki
zachodniopomorskie;powiat gryfiński
zachodniopomorskie;powiat kamieński
zachodniopomorskie;powiat kołobrzeski
zachodniopomorskie;powiat koszaliński
zachodniopomorskie;powiat łobeski
zachodniopomorskie;powiat myśliborski
zachodniopomorskie;powiat policki
zachodniopomorskie;powiat pyrzycki
zachodniopomorskie;powiat sławieński
zachodniopomorskie;powiat stargardzki
zachodniopomorskie;powiat szczecinecki
zachodniopomorskie;powiat świdwiński
zachodniopomorskie;powiat wałecki
